{"spawnSize":0.6000000238418579,"levelMapId":122,"amountColor":5,"wrenchAmount":0,"offset":0.042500000447034839,"levelDifficulty":0,"levelMapSize":2,"isTransparentLevel":false,"valueMinMaxZoom":{"x":0.8500000238418579,"y":2.0999999046325685},"levelName":"Ghost"}