{"spawnSize":0.8500000238418579,"levelMapId":154,"amountColor":10,"wrenchAmount":0,"offset":0.042500000447034839,"levelDifficulty":2,"levelMapSize":2,"isTransparentLevel":false,"valueMinMaxZoom":{"x":0.5,"y":2.0999999046325685},"levelName":"Cube"}