{"spawnSize":0.800000011920929,"levelMapId":120,"amountColor":7,"wrenchAmount":0,"offset":0.042500000447034839,"levelDifficulty":1,"levelMapSize":2,"isTransparentLevel":false,"valueMinMaxZoom":{"x":0.8500000238418579,"y":2.299999952316284},"levelName":"Global"}