{"spawnSize":0.800000011920929,"levelMapId":105,"amountColor":10,"wrenchAmount":0,"offset":0.042500000447034839,"levelDifficulty":2,"levelMapSize":2,"isTransparentLevel":false,"valueMinMaxZoom":{"x":0.042500000447034839,"y":2.25},"levelName":"Car Offroad"}