{"spawnSize":1.0,"levelMapId":105,"amountColor":6,"wrenchAmount":0,"offset":0.05000000074505806,"levelDifficulty":0,"levelMapSize":1,"isTransparentLevel":false,"valueMinMaxZoom":{"x":0.8500000238418579,"y":2.0999999046325685},"levelName":"Block 8"}