{"spawnSize":1.2000000476837159,"levelMapId":252,"amountColor":7,"wrenchAmount":0,"offset":0.042500000447034839,"levelDifficulty":1,"levelMapSize":1,"isTransparentLevel":false,"valueMinMaxZoom":{"x":0.5,"y":2.0999999046325685},"levelName":"Castle 2"}