{"spawnSize":1.100000023841858,"levelMapId":107,"amountColor":7,"wrenchAmount":0,"offset":0.05000000074505806,"levelDifficulty":1,"levelMapSize":2,"isTransparentLevel":false,"valueMinMaxZoom":{"x":0.8500000238418579,"y":2.200000047683716},"levelName":"Cake"}