{"spawnSize":0.6000000238418579,"levelMapId":110,"amountColor":7,"wrenchAmount":0,"offset":0.10000000149011612,"levelDifficulty":1,"levelMapSize":1,"isTransparentLevel":false,"valueMinMaxZoom":{"x":0.8500000238418579,"y":2.299999952316284},"levelName":"Film Camera"}