{"spawnSize":0.44999998807907107,"levelMapId":251,"amountColor":6,"wrenchAmount":0,"offset":0.042500000447034839,"levelDifficulty":0,"levelMapSize":1,"isTransparentLevel":false,"valueMinMaxZoom":{"x":0.5,"y":2.0999999046325685},"levelName":"UFO"}