{"spawnSize":0.4000000059604645,"levelMapId":117,"amountColor":6,"wrenchAmount":0,"offset":0.05000000074505806,"levelDifficulty":0,"levelMapSize":1,"isTransparentLevel":false,"valueMinMaxZoom":{"x":0.8500000238418579,"y":2.200000047683716},"levelName":"Unknown"}