{"spawnSize":0.4000000059604645,"levelMapId":118,"amountColor":7,"wrenchAmount":0,"offset":0.05000000074505806,"levelDifficulty":1,"levelMapSize":1,"isTransparentLevel":false,"valueMinMaxZoom":{"x":0.8500000238418579,"y":2.0999999046325685},"levelName":"Vending Machine"}